UID,iso2,iso3,code3,Country_Region,Lat,Long,Population
4,AF,AFG,4,Afghanistan,33.93911,67.709953,38928341
8,AL,ALB,8,Albania,41.1533,20.1683,2877800
10,AQ,ATA,10,Antarctica,-71.9499,23.347,0
12,DZ,DZA,12,Algeria,28.0339,1.6596,43851043
20,AD,AND,20,Andorra,42.5063,1.5218,77265
24,AO,AGO,24,Angola,-11.2027,17.8739,32866268
28,AG,ATG,28,Antigua and Barbuda,17.0608,-61.7964,97928
32,AR,ARG,32,Argentina,-38.4161,-63.6167,45195777
51,AM,ARM,51,Armenia,40.0691,45.0382,2963234
40,AT,AUT,40,Austria,47.5162,14.5501,9006400
31,AZ,AZE,31,Azerbaijan,40.1431,47.5769,10139175
44,BS,BHS,44,Bahamas,25.025885,-78.035889,393248
48,BH,BHR,48,Bahrain,26.0275,50.55,1701583
50,BD,BGD,50,Bangladesh,23.685,90.3563,164689383
52,BB,BRB,52,Barbados,13.1939,-59.5432,287371
112,BY,BLR,112,Belarus,53.7098,27.9534,9449321
56,BE,BEL,56,Belgium,50.8333,4.469936,11492641
84,BZ,BLZ,84,Belize,17.1899,-88.4976,397621
204,BJ,BEN,204,Benin,9.3077,2.3158,12123198
64,BT,BTN,64,Bhutan,27.5142,90.4336,771612
68,BO,BOL,68,Bolivia,-16.2902,-63.5887,11673029
70,BA,BIH,70,Bosnia and Herzegovina,43.9159,17.6791,3280815
72,BW,BWA,72,Botswana,-22.3285,24.6849,2351625
76,BR,BRA,76,Brazil,-14.235,-51.9253,212559409
96,BN,BRN,96,Brunei,4.5353,114.7277,437483
100,BG,BGR,100,Bulgaria,42.7339,25.4858,6948445
854,BF,BFA,854,Burkina Faso,12.2383,-1.5616,20903278
104,MM,MMR,104,Burma,21.9162,95.956,54409794
108,BI,BDI,108,Burundi,-3.3731,29.9189,11890781
132,CV,CPV,132,Cabo Verde,16.5388,-23.0418,555988
116,KH,KHM,116,Cambodia,11.55,104.9167,16718971
120,CM,CMR,120,Cameroon,3.848,11.5021,26545864
140,CF,CAF,140,Central African Republic,6.6111,20.9394,4829764
148,TD,TCD,148,Chad,15.4542,18.7322,16425859
152,CL,CHL,152,Chile,-35.6751,-71.543,19116209
170,CO,COL,170,Colombia,4.5709,-74.2973,50882884
178,CG,COG,178,Congo (Brazzaville),-0.228,15.8277,5518092
180,CD,COD,180,Congo (Kinshasa),-4.0383,21.7587,89561404
174,KM,COM,174,Comoros,-11.6455,43.3333,869595
188,CR,CRI,188,Costa Rica,9.7489,-83.7534,5094114
384,CI,CIV,384,Cote d'Ivoire,7.54,-5.5471,26378275
191,HR,HRV,191,Croatia,45.1,15.2,4105268
192,CU,CUB,192,Cuba,21.521757,-77.781167,11326616
196,CY,CYP,196,Cyprus,35.1264,33.4299,1207361
203,CZ,CZE,203,Czechia,49.8175,15.473,10708982
208,DK,DNK,208,Denmark,56.2639,9.5018,5837213
262,DJ,DJI,262,Djibouti,11.8251,42.5903,988002
212,DM,DMA,212,Dominica,15.415,-61.371,71991
214,DO,DOM,214,Dominican Republic,18.7357,-70.1627,10847904
218,EC,ECU,218,Ecuador,-1.8312,-78.1834,17643060
818,EG,EGY,818,Egypt,26.820553,30.802498,102334403
222,SV,SLV,222,El Salvador,13.7942,-88.8965,6486201
226,GQ,GNQ,226,Equatorial Guinea,1.6508,10.2679,1402985
232,ER,ERI,232,Eritrea,15.1794,39.7823,3546427
233,EE,EST,233,Estonia,58.5953,25.0136,1326539
748,SZ,SWZ,748,Eswatini,-26.5225,31.4659,1160164
231,ET,ETH,231,Ethiopia,9.145,40.4897,114963583
242,FJ,FJI,242,Fiji,-17.7134,178.065,896444
246,FI,FIN,246,Finland,61.92411,25.748151,5540718
250,FR,FRA,250,France,46.2276,2.2137,65249843
266,GA,GAB,266,Gabon,-0.8037,11.6094,2225728
270,GM,GMB,270,Gambia,13.4432,-15.3101,2416664
268,GE,GEO,268,Georgia,42.3154,43.3569,3989175
276,DE,DEU,276,Germany,51.165691,10.451526,83155031
288,GH,GHA,288,Ghana,7.9465,-1.0232,31072945
300,GR,GRC,300,Greece,39.0742,21.8243,10423056
308,GD,GRD,308,Grenada,12.1165,-61.679,112519
320,GT,GTM,320,Guatemala,15.7835,-90.2308,17915567
324,GN,GIN,324,Guinea,9.9456,-9.6966,13132792
624,GW,GNB,624,Guinea-Bissau,11.8037,-15.1804,1967998
328,GY,GUY,328,Guyana,4.860416,-58.93018,786559
332,HT,HTI,332,Haiti,18.9712,-72.2852,11402533
336,VA,VAT,336,Holy See,41.9029,12.4534,809
340,HN,HND,340,Honduras,15.2,-86.2419,9904608
348,HU,HUN,348,Hungary,47.1625,19.5033,9660350
352,IS,ISL,352,Iceland,64.9631,-19.0208,341250
356,IN,IND,356,India,20.593684,78.96288,1380004385
360,ID,IDN,360,Indonesia,-0.7893,113.9213,273523621
364,IR,IRN,364,Iran,32.427908,53.688046,83992953
368,IQ,IRQ,368,Iraq,33.223191,43.679291,40222503
372,IE,IRL,372,Ireland,53.1424,-7.6921,4937796
376,IL,ISR,376,Israel,31.046051,34.851612,8655541
380,IT,ITA,380,Italy,41.87194,12.56738,60461828
388,JM,JAM,388,Jamaica,18.1096,-77.2975,2961161
392,JP,JPN,392,Japan,36.204824,138.252924,126476458
400,JO,JOR,400,Jordan,31.24,36.51,10203140
398,KZ,KAZ,398,Kazakhstan,48.0196,66.9237,18776707
404,KE,KEN,404,Kenya,-0.0236,37.9062,53771300
296,KI,KIR,296,Kiribati,-3.3704,-168.734,117606
408,KP,PRK,408,"Korea, North",40.3399,127.5101,25778815
410,KR,KOR,410,"Korea, South",35.907757,127.766922,51269183
383,XK,XKS,383,Kosovo,42.602636,20.902977,1810366
414,KW,KWT,414,Kuwait,29.31166,47.481766,4270563
417,KG,KGZ,417,Kyrgyzstan,41.20438,74.766098,6524191
418,LA,LAO,418,Laos,19.85627,102.495496,7275556
428,LV,LVA,428,Latvia,56.8796,24.6032,1886202
422,LB,LBN,422,Lebanon,33.8547,35.8623,6825442
426,LS,LSO,426,Lesotho,-29.61,28.2336,2142252
430,LR,LBR,430,Liberia,6.428055,-9.429499,5057677
434,LY,LBY,434,Libya,26.3351,17.228331,6871287
438,LI,LIE,438,Liechtenstein,47.14,9.55,38137
440,LT,LTU,440,Lithuania,55.1694,23.8813,2722291
442,LU,LUX,442,Luxembourg,49.8153,6.1296,625976
450,MG,MDG,450,Madagascar,-18.766947,46.869107,27691019
454,MW,MWI,454,Malawi,-13.2543,34.3015,19129955
458,MY,MYS,458,Malaysia,4.210484,101.975766,32365998
462,MV,MDV,462,Maldives,3.2028,73.2207,540542
466,ML,MLI,466,Mali,17.570692,-3.996166,20250834
470,MT,MLT,470,Malta,35.9375,14.3754,441539
584,MH,MHL,584,Marshall Islands,7.1315,171.1845,58413
478,MR,MRT,478,Mauritania,21.0079,-10.9408,4649660
480,MU,MUS,480,Mauritius,-20.348404,57.552152,1271767
484,MX,MEX,484,Mexico,23.6345,-102.5528,127792286
583,FM,FSM,583,Micronesia,7.4256,150.5508,113815
498,MD,MDA,498,Moldova,47.4116,28.3699,4027690
492,MC,MCO,492,Monaco,43.7333,7.4167,39244
496,MN,MNG,496,Mongolia,46.8625,103.8467,3278292
499,ME,MNE,499,Montenegro,42.708678,19.37439,628062
504,MA,MAR,504,Morocco,31.7917,-7.0926,36910558
508,MZ,MOZ,508,Mozambique,-18.665695,35.529562,31255435
516,NA,NAM,516,Namibia,-22.9576,18.4904,2540916
520,NR,NRU,520,Nauru,-0.5228,166.9315,10834
524,NP,NPL,524,Nepal,28.1667,84.25,29136808
528,NL,NLD,528,Netherlands,52.1326,5.2913,17134873
554,NZ,NZL,554,New Zealand,-40.9006,174.886,4822233
558,NI,NIC,558,Nicaragua,12.865416,-85.207229,6624554
562,NE,NER,562,Niger,17.607789,8.081666,24206636
566,NG,NGA,566,Nigeria,9.082,8.6753,206139587
807,MK,MKD,807,North Macedonia,41.6086,21.7453,2083380
578,NO,NOR,578,Norway,60.472,8.4689,5421242
512,OM,OMN,512,Oman,21.512583,55.923255,5106622
586,PK,PAK,586,Pakistan,30.3753,69.3451,220892331
585,PW,PLW,8,Palau,7.515,134.5825,18008
591,PA,PAN,591,Panama,8.538,-80.7821,4314768
598,PG,PNG,598,Papua New Guinea,-6.314993,143.95555,8947027
600,PY,PRY,600,Paraguay,-23.4425,-58.4438,7132530
604,PE,PER,604,Peru,-9.19,-75.0152,32971846
608,PH,PHL,608,Philippines,12.879721,121.774017,109581085
616,PL,POL,616,Poland,51.9194,19.1451,37846605
620,PT,PRT,620,Portugal,39.3999,-8.2245,10196707
634,QA,QAT,634,Qatar,25.3548,51.1839,2881060
642,RO,ROU,642,Romania,45.9432,24.9668,19237682
643,RU,RUS,643,Russia,61.52401,105.318756,145934460
646,RW,RWA,646,Rwanda,-1.9403,29.8739,12952209
659,KN,KNA,659,Saint Kitts and Nevis,17.357822,-62.782998,53192
662,LC,LCA,662,Saint Lucia,13.9094,-60.9789,183629
670,VC,VCT,670,Saint Vincent and the Grenadines,12.9843,-61.2872,110947
882,WS,WSM,882,Samoa,-13.759,-172.1046,196130
674,SM,SMR,674,San Marino,43.9424,12.4578,33938
678,ST,STP,678,Sao Tome and Principe,0.1864,6.6131,219161
682,SA,SAU,682,Saudi Arabia,23.885942,45.079162,34813867
686,SN,SEN,686,Senegal,14.4974,-14.4524,16743930
688,RS,SRB,688,Serbia,44.0165,21.0059,8737370
690,SC,SYC,690,Seychelles,-4.6796,55.492,98340
694,SL,SLE,694,Sierra Leone,8.460555,-11.779889,7976985
702,SG,SGP,702,Singapore,1.2833,103.8333,5850343
703,SK,SVK,703,Slovakia,48.669,19.699,5434712
705,SI,SVN,705,Slovenia,46.1512,14.9955,2078932
90,SB,SLB,90,Solomon Islands,-9.6457,160.1562,652858
706,SO,SOM,706,Somalia,5.152149,46.199616,15893219
710,ZA,ZAF,710,South Africa,-30.5595,22.9375,59308690
728,SS,SSD,728,South Sudan,6.877,31.307,11193729
724,ES,ESP,724,Spain,40.463667,-3.74922,46754783
144,LK,LKA,144,Sri Lanka,7.873054,80.771797,21413250
729,SD,SDN,729,Sudan,12.8628,30.2176,43849269
740,SR,SUR,740,Suriname,3.9193,-56.0278,586634
752,SE,SWE,752,Sweden,60.128161,18.643501,10099270
756,CH,CHE,756,Switzerland,46.8182,8.2275,8654618
760,SY,SYR,760,Syria,34.802075,38.996815,17500657
158,TW,TWN,158,Taiwan*,23.7,121,23816775
762,TJ,TJK,762,Tajikistan,38.861,71.2761,9537642
834,TZ,TZA,834,Tanzania,-6.369028,34.888822,59734213
764,TH,THA,764,Thailand,15.870032,100.992541,69799978
626,TL,TLS,626,Timor-Leste,-8.874217,125.727539,1318442
768,TG,TGO,768,Togo,8.6195,0.8248,8278737
776,TO,TON,776,Tonga,-21.179,-175.1982,105697
780,TT,TTO,780,Trinidad and Tobago,10.6918,-61.2225,1399491
788,TN,TUN,788,Tunisia,33.886917,9.537499,11818618
792,TR,TUR,792,Turkey,38.9637,35.2433,84339067
798,TV,TUV,798,Tuvalu,-7.1095,177.6493,11792
800,UG,UGA,800,Uganda,1.373333,32.290275,45741000
804,UA,UKR,804,Ukraine,48.3794,31.1656,43733759
784,AE,ARE,784,United Arab Emirates,23.424076,53.847818,9890400
826,GB,GBR,826,United Kingdom,55.3781,-3.436,67886004
858,UY,URY,858,Uruguay,-32.5228,-55.7658,3473727
860,UZ,UZB,860,Uzbekistan,41.377491,64.585262,33469199
548,VU,VUT,548,Vanuatu,-15.3767,166.9592,292680
862,VE,VEN,862,Venezuela,6.4238,-66.5897,28435943
704,VN,VNM,704,Vietnam,14.058324,108.277199,97338583
275,PS,PSE,275,West Bank and Gaza,31.9522,35.2332,5101416
732,EH,ESH,732,Western Sahara,24.2155,-12.8858,597330
887,YE,YEM,887,Yemen,15.552727,48.516388,29825968
894,ZM,ZMB,894,Zambia,-13.133897,27.849332,18383956
716,ZW,ZWE,716,Zimbabwe,-19.015438,29.154857,14862927
36,AU,AUS,36,Australia,-25,133,25459700
124,CA,CAN,124,Canada,60,-95,38246108
156,CN,CHN,156,China,35.8617,104.19545,1411778724
840,US,USA,840,US,40,-100,329466283
